"0","playlist$Location
"
"1"," [1]"
"1"," ""City X"""
"1"," ""City Y"""
"1"," ""City Z"""
"1"," ""City X"""
"1"," ""City Y"""
"1"," ""City Z"""
"1"," ""City X"""
"1"," ""City Y"""
"1"," ""City Z"""
"1"," ""City X"""
"1"," ""City Y"""
"1","
"
"1","[12]"
"1"," ""City Z"""
"1"," ""City X"""
"1"," ""City Y"""
"1"," ""City Z"""
"1"," ""City X"""
"1"," ""City Y"""
"1"," ""City Z"""
"1"," ""City X"""
"1"," ""City Y"""
"1"," ""City Z"""
"1"," ""City X"""
"1","
"
"1","[23]"
"1"," ""City Y"""
"1"," ""City Z"""
"1"," ""City X"""
"1"," ""City Y"""
"1","
"
